{"circuit_file": "peaked_circuit_diff=0.500_PUBLIC_04ea9dc5.qasm", "difficulty_level": 0.5, "seed": 54754, "ident": "04ea9dc5", "num_qubits": 33, "rqc_depth": 18, "pqc_depth": 6, "target_state": "001000110010101100001110110001101", "peak_prob": 2.4332874028248347e-08, "est_num_shots": 92467496.54968746}