{"circuit_file": "peaked_circuit_diff=0.700_PUBLIC_36a0bf7b.qasm", "difficulty_level": 0.7, "seed": 54754, "ident": "36a0bf7b", "num_qubits": 34, "rqc_depth": 18, "pqc_depth": 6, "target_state": "0010001100101011000011101100011010", "peak_prob": 1.4323621843380609e-08, "est_num_shots": 157083172.98335028}