{"circuit_file": "peaked_circuit_diff=0.000_PUBLIC_3fcf1712.qasm", "difficulty_level": 0.0, "seed": 13411, "ident": "3fcf1712", "num_qubits": 31, "rqc_depth": 18, "pqc_depth": 6, "target_state": "0001000001101100001011110111111", "peak_prob": 6.329869565157202e-08, "est_num_shots": 35545753.89614772}