{"circuit_file": "peaked_circuit_diff=1.400_PUBLIC_1ae21412.qasm", "difficulty_level": 1.4, "seed": 54754, "ident": "1ae21412", "num_qubits": 36, "rqc_depth": 19, "pqc_depth": 7, "target_state": "001000110010101100001110110001101010", "peak_prob": 6.585804987431213e-09, "est_num_shots": 341643882.48300517}