{"circuit_file": "peaked_circuit_diff=1.400_PUBLIC_ab3b2652.qasm", "difficulty_level": 1.4, "seed": 5174, "ident": "ab3b2652", "num_qubits": 36, "rqc_depth": 19, "pqc_depth": 7, "target_state": "011100111001110110100101111111001110", "peak_prob": 6.78202322166804e-09, "est_num_shots": 331759404.4136964}