{"circuit_file": "peaked_circuit_diff=0.100_PUBLIC_6c662bf2.qasm", "difficulty_level": 0.1, "seed": 54754, "ident": "6c662bf2", "num_qubits": 32, "rqc_depth": 18, "pqc_depth": 6, "target_state": "00100011001010110000111011000110", "peak_prob": 3.513062038338819e-08, "est_num_shots": 64046689.08209874}